{
  "project_info": {
    "project_number": "482795038759",
    "project_id": "intelligence-engineer",
    "storage_bucket": "intelligence-engineer.appspot.com"
  },
  "client": [
    {
      "client_info": {
        "mobilesdk_app_id": "1:482795038759:android:d4136a51fc229f302b8602",
        "android_client_info": {
          "package_name": "com.example.intelligence_engineering"
        }
      },
      "oauth_client": [],
      "api_key": [
        {
          "current_key": "AIzaSyDNOU0eX3GJkPPdxq32ri88JAMjWNHefq4"
        }
      ],
      "services": {
        "appinvite_service": {
          "other_platform_oauth_client": []
        }
      }
    }
  ],
  "configuration_version": "1"
}